-- MySQL dump 10.13  Distrib 8.0.41, for Linux (x86_64)
--
-- Host: localhost    Database: tat
-- ------------------------------------------------------
-- Server version	8.0.41-0ubuntu0.22.04.1

/*!40101 SET @OLD_CHARACTER_SET_CLIENT=@@CHARACTER_SET_CLIENT */;
/*!40101 SET @OLD_CHARACTER_SET_RESULTS=@@CHARACTER_SET_RESULTS */;
/*!40101 SET @OLD_COLLATION_CONNECTION=@@COLLATION_CONNECTION */;
/*!50503 SET NAMES utf8mb4 */;
/*!40103 SET @OLD_TIME_ZONE=@@TIME_ZONE */;
/*!40103 SET TIME_ZONE='+00:00' */;
/*!40014 SET @OLD_UNIQUE_CHECKS=@@UNIQUE_CHECKS, UNIQUE_CHECKS=0 */;
/*!40014 SET @OLD_FOREIGN_KEY_CHECKS=@@FOREIGN_KEY_CHECKS, FOREIGN_KEY_CHECKS=0 */;
/*!40101 SET @OLD_SQL_MODE=@@SQL_MODE, SQL_MODE='NO_AUTO_VALUE_ON_ZERO' */;
/*!40111 SET @OLD_SQL_NOTES=@@SQL_NOTES, SQL_NOTES=0 */;

--
-- Table structure for table `children`
--

DROP TABLE IF EXISTS `children`;
/*!40101 SET @saved_cs_client     = @@character_set_client */;
/*!50503 SET character_set_client = utf8mb4 */;
CREATE TABLE `children` (
  `id` int NOT NULL AUTO_INCREMENT,
  `user_id` int NOT NULL,
  `nickname` varchar(50) NOT NULL,
  `date_of_birth` date NOT NULL,
  `created_at` timestamp NULL DEFAULT CURRENT_TIMESTAMP,
  `updated_at` timestamp NULL DEFAULT CURRENT_TIMESTAMP ON UPDATE CURRENT_TIMESTAMP,
  PRIMARY KEY (`id`),
  KEY `user_id` (`user_id`),
  CONSTRAINT `children_ibfk_1` FOREIGN KEY (`user_id`) REFERENCES `users` (`id`)
) ENGINE=InnoDB AUTO_INCREMENT=32 DEFAULT CHARSET=utf8mb4 COLLATE=utf8mb4_0900_ai_ci;
/*!40101 SET character_set_client = @saved_cs_client */;

--
-- Dumping data for table `children`
--

LOCK TABLES `children` WRITE;
/*!40000 ALTER TABLE `children` DISABLE KEYS */;
INSERT INTO `children` VALUES (1,85,'Anish','2023-02-01','2024-12-02 22:48:32','2024-12-02 22:48:32'),(2,85,'Child_2','2024-01-01','2024-12-02 22:48:32','2024-12-02 22:48:32'),(3,86,'Vedant','2023-10-01','2024-12-02 22:55:59','2024-12-03 00:10:18'),(4,86,'Arpan','2023-05-01','2024-12-02 22:55:59','2024-12-03 00:00:15'),(5,86,'Stavan','2023-03-01','2024-12-03 00:05:00','2024-12-03 00:05:00'),(6,87,'Ay','2024-01-01','2024-12-03 23:32:40','2024-12-03 23:32:40'),(7,87,'Ay','2024-01-01','2024-12-03 23:32:40','2024-12-03 23:32:40'),(8,56,'Ty','2021-10-01','2024-12-11 16:10:13','2024-12-11 16:10:13'),(9,56,'Elise','2023-10-01','2024-12-11 16:10:31','2024-12-11 16:10:31'),(10,88,'Devesh','2023-02-01','2024-12-23 13:48:27','2024-12-23 13:48:27'),(11,89,'Ankit','2024-02-01','2025-01-06 14:43:33','2025-01-06 14:43:33'),(12,89,'Pasant','2020-03-01','2025-01-06 14:43:33','2025-01-06 14:43:33'),(13,90,'vedant','2025-01-01','2025-01-17 14:04:39','2025-01-17 14:04:39'),(14,90,'anish','2019-01-01','2025-01-17 14:04:39','2025-01-17 14:04:39'),(15,91,'Vedant','2024-02-01','2025-01-20 20:37:41','2025-01-20 20:37:41'),(16,91,'Anish','2023-04-01','2025-01-20 20:37:41','2025-01-20 20:37:41'),(17,1,'Vedant','2020-03-01','2025-01-20 22:26:32','2025-01-20 22:26:32'),(18,92,'Kid1','2020-01-01','2025-01-22 20:16:08','2025-01-22 20:16:08'),(19,92,'Kid2','2022-01-01','2025-01-22 20:16:08','2025-01-22 20:16:08'),(20,93,'stavan','2022-01-01','2025-01-23 15:56:41','2025-01-23 15:56:41'),(21,93,'hemant','2021-12-01','2025-01-23 15:56:41','2025-01-23 15:57:18'),(22,94,'S','2023-09-01','2025-01-26 18:46:36','2025-01-26 18:46:55'),(23,94,'Ae','2025-09-01','2025-01-26 18:47:05','2025-01-26 18:47:05'),(24,95,'priyanshu','2018-06-01','2025-01-26 19:55:30','2025-01-26 19:55:30'),(25,95,'anish','2020-08-01','2025-01-26 19:55:30','2025-01-26 19:55:30'),(26,96,'ankit','2025-06-01','2025-01-28 19:37:19','2025-01-28 19:37:19'),(27,97,'anish','2021-06-01','2025-02-04 22:46:05','2025-02-04 22:46:05'),(28,88,'Michael','2023-03-01','2025-02-06 04:17:07','2025-02-06 04:17:07'),(29,1,'claude','2016-01-01','2025-02-06 18:15:55','2025-02-06 18:15:55'),(30,98,'Kedar','2023-01-01','2025-02-06 20:14:10','2025-02-06 20:14:10'),(31,98,'Ruchir','2025-01-01','2025-02-06 20:14:10','2025-02-06 20:14:10');
/*!40000 ALTER TABLE `children` ENABLE KEYS */;
UNLOCK TABLES;

--
-- Table structure for table `children_backup`
--

DROP TABLE IF EXISTS `children_backup`;
/*!40101 SET @saved_cs_client     = @@character_set_client */;
/*!50503 SET character_set_client = utf8mb4 */;
CREATE TABLE `children_backup` (
  `id` int NOT NULL DEFAULT '0',
  `user_id` int NOT NULL,
  `age` int NOT NULL,
  `created_at` timestamp NULL DEFAULT CURRENT_TIMESTAMP,
  `updated_at` timestamp NULL DEFAULT CURRENT_TIMESTAMP ON UPDATE CURRENT_TIMESTAMP,
  `nickname` varchar(50) NOT NULL,
  `date_of_birth` date NOT NULL
) ENGINE=InnoDB DEFAULT CHARSET=utf8mb4 COLLATE=utf8mb4_0900_ai_ci;
/*!40101 SET character_set_client = @saved_cs_client */;

--
-- Dumping data for table `children_backup`
--

LOCK TABLES `children_backup` WRITE;
/*!40000 ALTER TABLE `children_backup` DISABLE KEYS */;
/*!40000 ALTER TABLE `children_backup` ENABLE KEYS */;
UNLOCK TABLES;

--
-- Table structure for table `locations`
--

DROP TABLE IF EXISTS `locations`;
/*!40101 SET @saved_cs_client     = @@character_set_client */;
/*!50503 SET character_set_client = utf8mb4 */;
CREATE TABLE `locations` (
  `id` int NOT NULL AUTO_INCREMENT,
  `user_id` int NOT NULL,
  `lat` decimal(10,8) NOT NULL,
  `long` decimal(11,8) NOT NULL,
  `type` varchar(255) NOT NULL DEFAULT 'default',
  `name` varchar(255) NOT NULL DEFAULT 'Home Location',
  `desc` text,
  PRIMARY KEY (`id`),
  KEY `user_id` (`user_id`),
  CONSTRAINT `locations_ibfk_1` FOREIGN KEY (`user_id`) REFERENCES `users` (`id`)
) ENGINE=InnoDB AUTO_INCREMENT=147 DEFAULT CHARSET=utf8mb4 COLLATE=utf8mb4_0900_ai_ci;
/*!40101 SET character_set_client = @saved_cs_client */;

--
-- Dumping data for table `locations`
--

LOCK TABLES `locations` WRITE;
/*!40000 ALTER TABLE `locations` DISABLE KEYS */;
INSERT INTO `locations` VALUES (11,5,38.98064000,-94.62140990,'Bus/Walk','Home','Home'),(12,5,38.98064000,-94.62140990,'Bus/Walk','Home','Home'),(13,5,38.98064000,-94.62140990,'Grocery Store','Home','Home'),(14,6,29.61685040,-82.37814390,'Library','Hhh','Jjhj'),(15,5,38.98064000,-94.62140990,'Bus/Walk','Home','Home'),(16,6,29.61705720,-82.38015860,'Library','Bhh','Hhhh'),(17,6,29.63593260,-82.36981480,'Park','Florida M','Florida'),(18,6,29.61877890,-82.37872700,'Bus/Walk','Bhh','Nhjj'),(19,5,38.98064000,-94.62140990,'Bus/Walk','Home','Home'),(20,5,38.98064000,-94.62140990,'Bus/Walk','Home','Home'),(21,5,38.98064000,-94.62140990,'Library','Home','Home'),(23,5,38.92526940,-94.58587290,'Restaurant','Lunch place','Lunch place'),(24,5,39.09239800,-94.57975320,'Restaurant','G','G'),(25,7,29.67366510,-82.32978440,'Grocery Store','Ward\'s','Gotta go there in 10 minutes!'),(26,7,29.64577970,-82.33986350,'Bus/Walk','Cypress Hall','Near work'),(27,8,29.67366510,-82.32978440,'Grocery Store','dddd','ddd'),(30,9,29.64805870,-82.34374620,'Library','Marston Lib','Notification '),(31,10,29.64501380,-82.34794590,'Waiting Room','Welcome center','Random'),(32,10,29.64805870,-82.34374620,'Library','Marston Lib','Hangout spot'),(33,11,29.64805870,-82.34374620,'Library','Hangout spot','Jk'),(34,1,29.64805870,-82.34374620,'Library','Marston','Hangout spot'),(35,1,29.64501380,-82.34794590,'Waiting Room','Welcome','Center'),(36,13,29.64805870,-82.34374620,'Library','Lib','Lmao'),(37,1,29.64773900,-82.33907860,'Grocery Store','Playa','Bowl'),(38,1,29.64994130,-82.34868160,'Library','jjjff','aaa'),(39,1,29.63995290,-82.34267420,'Bus/Walk','dddd','ddd'),(40,1,29.64632120,-82.34778160,'Park','park','surprise'),(41,5,39.97664860,-83.01129530,'Grocery Store','Lucky\'s','Test test'),(42,1,29.65053740,-82.32483960,'Restaurant','WB','Desc'),(43,1,29.62731180,-82.38823940,'Grocery Store','Walmart','Kids'),(44,1,29.61467790,-82.37677990,'Waiting Room','Brewery','Hehe'),(45,1,29.61693600,-82.37770780,'Waiting Room','Pool','Pool'),(46,1,29.61700100,-82.37856000,'Bus/Walk','Hhh','Uuu'),(47,5,29.67319190,-82.38810160,'Restaurant','Leonardo\'s','Pizza'),(48,5,29.67319190,-82.38810160,'Restaurant','Leonardo\'s ','Pizza'),(49,5,29.68305870,-82.39130960,'Other\'s Home','Home','Home'),(50,5,29.68305870,-82.39130960,'Other\'s Home','Home','Home'),(51,5,29.68302740,-82.39164630,'Other\'s Home','Home','Home'),(52,5,29.64641650,-82.33827860,'Library','Work','Work'),(56,5,29.64641650,-82.33827860,'Library','Work','Wirk'),(91,56,29.64700420,-82.33805860,'Library','Norman ','Library'),(98,65,29.60501270,-82.37283330,'Grocery Store','Publix ','My grocery store'),(99,69,29.66401640,-82.32577480,'Grocery Store','Publix is a good option ','Grocery store'),(116,85,29.61733080,-82.37886030,'default','Home Location',NULL),(117,86,29.61733080,-82.37886030,'default','Home Location',NULL),(118,86,29.66400510,-82.30078140,'Grocery Store','Walmart','Walmart'),(119,87,29.61733080,-82.37886030,'default','Home Location',NULL),(120,86,29.61693600,-82.37770780,'Bus/Walk','Pool','Pool'),(121,88,34.17611330,-118.84877930,'default','Home Location',NULL),(122,88,40.79298030,-74.04231360,'Grocery Store','Grocery','gross'),(123,89,27.54247640,80.01017240,'default','Home Location',NULL),(124,89,28.43994150,-81.47647150,'Grocery Store','Grocery ','Grocery'),(125,90,29.61720360,-82.37769980,'default','Home Location',NULL),(126,90,29.62305120,-82.37971880,'Grocery Store','Eeee','Fff'),(127,91,29.61503120,-82.35573480,'default','Home Location',NULL),(128,1,29.62159700,-82.37779770,'Grocery Store','Blaze','Aaa'),(129,1,28.50699410,-81.31298750,'Park','Park','Park'),(130,88,40.79298030,-74.04231360,'Grocery store','Grocery Store','Local grocery store'),(131,88,29.61693600,-82.37770780,'Bus/Walk','Pool','Pool'),(132,92,40.71280000,-74.00600000,'default','Home Location',NULL),(133,92,40.71280000,-74.00600000,'Park','Central Park','A large urban park in Manhattan, New York City'),(134,88,29.65355730,-82.33884040,'Grocery Store','G','G'),(135,93,29.61733080,-82.37886030,'default','Home Location',NULL),(136,1,29.61732360,-82.38060390,'Park','Zoo','Garden '),(137,1,29.61556311,-82.37996381,'Library','Sunshine Park','Local community park'),(138,94,29.61733080,-82.37886030,'default','Home Location',NULL),(139,95,29.61733080,-82.37886030,'default','Home Location',NULL),(140,95,29.62731180,-82.38823940,'Bus/Walk','grocey','grocery'),(141,96,29.61733080,-82.37886030,'default','Home Location',NULL),(142,97,29.64805870,-82.34374620,'default','Home Location',NULL),(143,88,29.64624800,-82.34295000,'Bus/Walk','Bus','Bus stand'),(144,88,29.62731180,-82.38823940,'Grocery Store','grocery','walmart'),(145,98,29.61733080,-82.37886030,'default','Home Location',NULL),(146,98,29.64773900,-82.33907860,'Grocery Store','Playa','something');
/*!40000 ALTER TABLE `locations` ENABLE KEYS */;
UNLOCK TABLES;

--
-- Table structure for table `notifications`
--

DROP TABLE IF EXISTS `notifications`;
/*!40101 SET @saved_cs_client     = @@character_set_client */;
/*!50503 SET character_set_client = utf8mb4 */;
CREATE TABLE `notifications` (
  `user_id` int NOT NULL,
  `timestamp` timestamp NOT NULL DEFAULT CURRENT_TIMESTAMP,
  `loc_id` int NOT NULL,
  `device_id` varchar(255) NOT NULL,
  KEY `user_id` (`user_id`),
  KEY `loc_id` (`loc_id`),
  CONSTRAINT `notifications_ibfk_1` FOREIGN KEY (`user_id`) REFERENCES `users` (`id`),
  CONSTRAINT `notifications_ibfk_2` FOREIGN KEY (`loc_id`) REFERENCES `locations` (`id`)
) ENGINE=InnoDB DEFAULT CHARSET=utf8mb4 COLLATE=utf8mb4_0900_ai_ci;
/*!40101 SET character_set_client = @saved_cs_client */;

--
-- Dumping data for table `notifications`
--

LOCK TABLES `notifications` WRITE;
/*!40000 ALTER TABLE `notifications` DISABLE KEYS */;
INSERT INTO `notifications` VALUES (1,'2024-08-01 15:05:54',37,'frdUGBYGTK-rcZ0DrNhHUT:APA91bGJw82hthrPrxshk9I1ha87b-so4qBeXvUhzo-226KwAYR0LaSuSiCGAJANZclHLUis0Pgiy8boNjBvF2J5WIUEyOGkxk56_cYs_1MG-SUpLxJ1OX6R20X7f3Q8ep8EwZW7PvTv'),(1,'2024-08-01 15:07:50',34,'frdUGBYGTK-rcZ0DrNhHUT:APA91bGJw82hthrPrxshk9I1ha87b-so4qBeXvUhzo-226KwAYR0LaSuSiCGAJANZclHLUis0Pgiy8boNjBvF2J5WIUEyOGkxk56_cYs_1MG-SUpLxJ1OX6R20X7f3Q8ep8EwZW7PvTv'),(5,'2024-08-02 01:21:22',41,'eghayzP9Rx6aFYawTuJL7k:APA91bG09FMNP7xXIxdFRgImx-avQ5u1I-PS7ffrB3fh3ptaFRN_Kn7Oa3VyI1HWs0b4zwXjyCFlnCT5kU3S-muJbrU1fmZMg4ycEgF6vdtmBUg5jyu0vkXRnWp8w8TY0q54OEFOeDOS'),(1,'2024-08-07 16:17:38',34,'frdUGBYGTK-rcZ0DrNhHUT:APA91bGJw82hthrPrxshk9I1ha87b-so4qBeXvUhzo-226KwAYR0LaSuSiCGAJANZclHLUis0Pgiy8boNjBvF2J5WIUEyOGkxk56_cYs_1MG-SUpLxJ1OX6R20X7f3Q8ep8EwZW7PvTv'),(1,'2024-08-09 16:20:10',35,'frdUGBYGTK-rcZ0DrNhHUT:APA91bGJw82hthrPrxshk9I1ha87b-so4qBeXvUhzo-226KwAYR0LaSuSiCGAJANZclHLUis0Pgiy8boNjBvF2J5WIUEyOGkxk56_cYs_1MG-SUpLxJ1OX6R20X7f3Q8ep8EwZW7PvTv'),(1,'2024-08-09 16:22:08',42,'frdUGBYGTK-rcZ0DrNhHUT:APA91bGJw82hthrPrxshk9I1ha87b-so4qBeXvUhzo-226KwAYR0LaSuSiCGAJANZclHLUis0Pgiy8boNjBvF2J5WIUEyOGkxk56_cYs_1MG-SUpLxJ1OX6R20X7f3Q8ep8EwZW7PvTv'),(1,'2024-08-20 02:26:20',46,'e7lOs1UGSpuL1Lq1MWXL1W:APA91bGqmCkq82bkeeZ9ID3XtTc3-oaTKL5xOgfc7gDX6oCrIfgG1v99yXL583f9Vo7GKzDSdxZXyaQe9eFtSrRE6Vq0uTcgeTmjj3r5M7ELSDsJ193bi4jNmhmr5zMlDMejDm2FJsYY'),(1,'2024-08-22 03:54:50',46,'e7lOs1UGSpuL1Lq1MWXL1W:APA91bGqmCkq82bkeeZ9ID3XtTc3-oaTKL5xOgfc7gDX6oCrIfgG1v99yXL583f9Vo7GKzDSdxZXyaQe9eFtSrRE6Vq0uTcgeTmjj3r5M7ELSDsJ193bi4jNmhmr5zMlDMejDm2FJsYY'),(5,'2024-08-26 15:17:58',51,'fNRBm5u3TPyXpFhRijfIy8:APA91bEey59FDFxFlBvecYUK6muQicfBLSwW-Yyk6x9bRy-_0ZzwCqSFNmY6oTo0iXX6p7bzqtT_8CSueP0nSeF9bGCdRlrVaWLlzBOQ05DW36L_svksYHl6JEXKB_myB_1jaWXNirNC'),(5,'2024-08-27 19:47:32',52,'fNRBm5u3TPyXpFhRijfIy8:APA91bEey59FDFxFlBvecYUK6muQicfBLSwW-Yyk6x9bRy-_0ZzwCqSFNmY6oTo0iXX6p7bzqtT_8CSueP0nSeF9bGCdRlrVaWLlzBOQ05DW36L_svksYHl6JEXKB_myB_1jaWXNirNC'),(5,'2024-09-12 13:44:51',52,'fNRBm5u3TPyXpFhRijfIy8:APA91bEey59FDFxFlBvecYUK6muQicfBLSwW-Yyk6x9bRy-_0ZzwCqSFNmY6oTo0iXX6p7bzqtT_8CSueP0nSeF9bGCdRlrVaWLlzBOQ05DW36L_svksYHl6JEXKB_myB_1jaWXNirNC'),(5,'2024-09-12 14:24:29',56,'e1xmOq0ERyOX_myf5QDu7t:APA91bG1PlUGeuKENLnjyEvThXCadJtzNCK-Fcvs6RMGxZvow22xpfxyEs3xh1E9At1ACJ_A5Kb4Gdg1cXieROLXahaT2PX6ofChr_9RPdliLdw7MkobO3hz5mqTr_vOak2gWZKrXLiQ'),(56,'2025-01-21 19:55:50',91,'cPAnnI7n7UXShHonR2UK_c:APA91bF_VLbaXUzc-zl9BFxPUzzsNpYDNLOhJFjxuyMgNHiwn90zhQ4zT2rIIncRXwKjyGQDZupHwQryd_prf2ofKxT7BIy4PLPs1i1na3g-zO2rmi4DBkA'),(1,'2025-01-22 03:22:28',45,'caepGd23gERvugtnf4t2o3:APA91bF4x4nbnz8AmPYYzmujKZEy1YBRFt3LuL8rHykTXg2j6yJdOz7ETM9Dq-OC_nxOvZQnbjjoZaY5dZVYUsA8waUXciomImlIXuMkh297YYcevC9wM40'),(56,'2025-02-06 17:59:12',91,'dOQp_GA6L0Wqhwslu6pliM:APA91bHGJOvF8_x1FRMY2snO9dFWMxQuFj6TSKlmUs8oe8GQdh8rssPTAe-ALnJqD8kodOHUvmzDfqu9jRcQkihkTkKHQhbGHlfKqqzNzHEt8GriZaZL7G4'),(56,'2025-02-06 18:13:26',91,'dOQp_GA6L0Wqhwslu6pliM:APA91bHGJOvF8_x1FRMY2snO9dFWMxQuFj6TSKlmUs8oe8GQdh8rssPTAe-ALnJqD8kodOHUvmzDfqu9jRcQkihkTkKHQhbGHlfKqqzNzHEt8GriZaZL7G4');
/*!40000 ALTER TABLE `notifications` ENABLE KEYS */;
UNLOCK TABLES;

--
-- Table structure for table `tips`
--

DROP TABLE IF EXISTS `tips`;
/*!40101 SET @saved_cs_client     = @@character_set_client */;
/*!50503 SET character_set_client = utf8mb4 */;
CREATE TABLE `tips` (
  `id` int NOT NULL AUTO_INCREMENT,
  `type` varchar(50) NOT NULL,
  `title` varchar(100) NOT NULL,
  `description` text NOT NULL,
  PRIMARY KEY (`id`)
) ENGINE=InnoDB AUTO_INCREMENT=314 DEFAULT CHARSET=utf8mb4 COLLATE=utf8mb4_0900_ai_ci;
/*!40101 SET character_set_client = @saved_cs_client */;

--
-- Dumping data for table `tips`
--

LOCK TABLES `tips` WRITE;
/*!40000 ALTER TABLE `tips` DISABLE KEYS */;
INSERT INTO `tips` VALUES (113,'Bus/Walk','💁 Talk about the speed you are going to learn fast and slow','Tell your child, we are going to learn \"Fast, slow, and stop today!\" and label each of these speeds on your trip.'),(114,'Bus/Walk','💁 Talk about the speed you are going to learn fast and slow','Use gestures and the speed of your voice to help our child learn fast, slow, and stop.'),(115,'Bus/Walk','💁 Talk about the speed you are going to learn fast and slow','Ask your child, \"Are we going fast or slow?\"'),(116,'Bus/Walk','Watch the stop lights to learn about colors','Point to the stop light, and say, \"look it\'s green, green means go!\", \"the light turned yellow, yellow means slow down!\" and \"the light is red, red means stop!\"'),(117,'Bus/Walk','Watch the stop lights to learn about colors','Watch the cars with your child, and say, \"The blue car stopped on red!\"'),(118,'Bus/Walk','Watch the stop lights to learn about colors','If there are no stoplights around, talk about the street signs.'),(119,'Bus/Walk','Find the street signs to talk about shapes, colors, and letters','Tell your child, \"We are going to have fun looking for street signs!\"'),(120,'Bus/Walk','Find the street signs to talk about shapes, colors, and letters','Look for street signs as you go for a walk, and point them out for your child'),(121,'Bus/Walk','Find the street signs to talk about shapes, colors, and letters','Describe the shape, the color, and the letters on the sign.'),(122,'Bus/Walk','Let\'s talk 💁about car sounds!','Tell your child, \"We are going to watch cars! Cars go vroom vroom! What sound do cars make?\" Imitate 🔄 the noise your child makes.'),(123,'Bus/Walk','Let\'s talk 💁about car sounds!','Say, \"Car horns go beep beep! What sound do car horns make?\"  Wait 3 seconds for your child to respond.'),(124,'Bus/Walk','Let\'s talk 💁about car sounds!','Imitate 🔄 the noise your child makes. Noises are fun for babies and big kids to learn!'),(125,'Bus/Walk','🏆 First - Then Challenge','Preparing your child for where you are going helps your child know what to expect.'),(126,'Bus/Walk','🏆 First - Then Challenge','Tell your child, \"First we will go over a bridge. Then we will go under a bridge. Then we will go home!\"'),(127,'Bus/Walk','🏆 First - Then Challenge','Help your child find places you pass along the way. Label 💁 the places again. \"Look, we are going over a... Next we will go under a... Then we will go home!\"'),(128,'Bus/Walk','Let\'s look at the lines on the road','Point to the lines on the road and say, \"Look, at the yellow lines on the road!'),(129,'Bus/Walk','Let\'s look at the lines on the road','Talk about the different types of yellow lines on the road. \"There are two yellow lines here. These are dotted lines. These are short lines.\"'),(130,'Bus/Walk','Let\'s look at the lines on the road','Say, \"The yellow lines on the road help cars and buses know where to go!\"'),(131,'Bus/Walk','As you go by houses talk about the numbers on each house 💁','Label 💁, \"Each house has numbers! Look, that house has the numbers 4-2-3-1.\"'),(132,'Bus/Walk','As you go by houses talk about the numbers on each house 💁','Ask your child, \"Can you point to where the numbers are on another house?\" When your child points, say, \"Yes, those are numbers they are 5-4-2-3.\" Give positive attention, and say \"Great job!\" 👏'),(133,'Bus/Walk','As you go by houses talk about the numbers on each house 💁','If your child doesn\'t point or look, say, \"Look, there are the numbers!\"'),(134,'Bus/Walk','Learn about BIG and small by talking about the buildings you see','As you pass by different buildings 💁 comment and label, \"Look, there is a BIG building. This building is tall!\"'),(135,'Bus/Walk','Learn about BIG and small by talking about the buildings you see','Label another building and say, \"Look, this building is small!\" Ask your child, \"why is this building big?\" Why questions are hard for babies and young kids. Enjoy your child\'s response and tell them why.'),(136,'Bus/Walk','🏆 Street Safety Challenge','Safety when crossing the street is important for all children to learn.'),(137,'Bus/Walk','🏆 Street Safety Challenge','Before crossing the street, 💁say \"Let\'s stop and look both ways for cars!\" Look and point one way. Wait for your child to look too. Say \"I don\'t see any cars here!\"'),(138,'Bus/Walk','🏆 Street Safety Challenge','Look and point the other way. Say, \"Look there is a car! That means we need to wait!\"'),(139,'Bus/Walk','🏆 Street Safety Shape Challenge','While waiting at a stoplight, point to the stoplight in front of you.'),(140,'Bus/Walk','🏆 Street Safety Shape Challenge','Say, 💁 \"Look, it\'s a stoplight! The stoplight is a rectangle. A rectangle has four sides.\" Count the sides of the rectangle with your child.'),(141,'Bus/Walk','🏆 Street Safety Shape Challenge','Ask your child, \"Do you see any other shapes?\"'),(142,'Bus/Walk','🏆 Street Safety Shape Challenge','Point to and label other shapes surrounding the area.'),(143,'Bus/Walk','🏆 Street Safety Color Challenge: Find 3 Different Colors!','Talk about the stoplight colors. If you don\'t run into a stoplight, talk about different street signs.'),(144,'Bus/Walk','🏆 Street Safety Color Challenge: Find 3 Different Colors!','Say, 💁 \"The stoplight is red. It means we need to stop.\" Ask your child, \"What does red mean?\" Pause for several moments to give your child a chance to answer.'),(145,'Bus/Walk','🏆 Street Safety Color Challenge: Find 3 Different Colors!','Remind your child what each color means. Say, 💁  \"The red light means stop!\"'),(146,'Bus/Walk','Stop, Talk, and Listen! ','Talk about the positions of colors on a stoplight. Say, 💁 \"Look! The green light is above the yellow light.\"'),(147,'Bus/Walk','Stop, Talk, and Listen! ','Quiz your child by giving choices👈 👉 , \"Is the green light above or below the yellow light?\"'),(148,'Bus/Walk','Stop, Talk, and Listen! ','Try fill in the blank activities ⏳. Say,  \"The red light is below the ______.\" Mix up your questions to expose your child to new language.'),(149,'Bus/Walk','Talk about all the sounds you hear','When out and about in the community, there are many different sounds that we hear. Sounds are a fun way to interact with your child.'),(150,'Bus/Walk','Talk about all the sounds you hear','Talk 💁about the sounds that you hear, \"I hear the car brakes go squeak squeak!\"'),(151,'Bus/Walk','Talk about all the sounds you hear','Ask your child, \"What do you hear? Repeat 🔄 back the correct sound your child is making, \"That\'s right, the brakes go squeak squeak!\"'),(152,'Bus/Walk','Tell your child a story about them','To keep your child interested while you travel tell 💁them a story about when they were younger.'),(153,'Bus/Walk','Tell your child a story about them','Talk about what made them happy during the story. For example, \"When you were little we took you to your cousins, and you kept smiling the whole time!\"'),(154,'Bus/Walk','Tell your child a story about them','Telling stories is a fun way to interact and talk with your child, and is important for babies too!'),(155,'Bus/Walk','Let\'s learn about all the amazing ways we can move!','Talking about our actions and the way our body moves is a fun way to interact with your child'),(156,'Bus/Walk','Let\'s learn about all the amazing ways we can move!','For example, say 💁 \"I\'m clapping my hands, let me see you clap!\" Praise your child for clapping, if your child does not clap, help them, and then praise 👏.'),(157,'Bus/Walk','Let\'s learn about all the amazing ways we can move!','Try other movements like waving, nodding, pointing, jumping.'),(158,'Bus/Walk','Have fun observing what your child smiles and laughs at ','As you walk around watch 👀 for when your child smiles and listen for their laughter.'),(159,'Bus/Walk','Have fun observing what your child smiles and laughs at ','Label 💁 what they are smiling at, \"You must like it when I make silly voices!\"'),(160,'Bus/Walk','Have fun observing what your child smiles and laughs at ','Write down or remember what your child smiled at. This helps you to know what your child is interested in, and how to make your child smile on your next outing.'),(161,'General Store','🏆 Mirror Challenge','Tell your child, \"We are going to have fun finding mirrors today!\"'),(162,'General Store','🏆 Mirror Challenge','When you see a mirror, point and say, \"We found a mirror!\"'),(163,'General Store','🏆 Mirror Challenge','Look in the mirror together and talk about what you see. Imitate the faces and sounds your child makes.'),(164,'General Store','Search for things that spin: wheels, food warmers, drink machines, etc. ','Try to find 3 things that spin or turn during your trip!'),(165,'General Store','Search for things that spin: wheels, food warmers, drink machines, etc. ','Show your child the spinner and ask, \"Why does it spin?\"'),(166,'General Store','Search for things that spin: wheels, food warmers, drink machines, etc. ','\"Why\" questions are hard for babies and young children. Enjoy how your child responds, and then tell the answer.'),(167,'Grocery','🏆 Choice Challenge','Give you child a choice  👈 👉  on each aisle of the store you walk down.'),(168,'Grocery','🏆 Choice Challenge','Hold out the 2 choices as you label them.'),(169,'Grocery','🏆 Choice Challenge','If your child doesn\'t answer, say \"How about the...\" and move on.'),(170,'Grocery',' 👈 👉 Choices make a savvy shopper! ','Your child learns how to make smart choices by watching you and can begin to learn words that will help with decisions later.'),(171,'Grocery',' 👈 👉 Choices make a savvy shopper! ','Vocalize choices  👈 👉  you are making as you shop: \"Should I get the cereal that costs $2 or $4?\"'),(172,'Grocery',' 👈 👉 Choices make a savvy shopper! ','Then, share your decision with your child: \"The $2 cereal costs less. I\'ll get the cheaper one.\"'),(173,'Grocery Store','Talk about the sounds you hear at the cash register','Tell you child, \"Let\'s listen to the sounds that we hear!\"'),(174,'Grocery Store','Talk about the sounds you hear at the cash register','Say 💁, \"I hear a beep. They are scanning our food!\"'),(175,'Grocery Store','Talk about the sounds you hear at the cash register','Ask your child, \"What sound do you hear?\"'),(176,'Grocery Store','Talk about the sounds you hear at the cash register','Imitate 🔄 the sound that your child makes, and say, \"Yes, I hear the beep too!\"'),(177,'Grocery Store','🏆Open and Close Challenge','Talk to your child about 💁 how the doors to the gorcery store go open and close.'),(178,'Grocery Store','🏆Open and Close Challenge','Use your arms and hands to gesture what open and close mean. Imitate 🔄 how your child gestures open/close.'),(179,'Grocery Store','🏆Open and Close Challenge','While in the store look for other things that open and close (e.g., freezer doors, bulk goods containers, cash register) and label 💁 these for your child.'),(180,'Grocery store','Talk to your child about how two grocery items go together to make a recipe','Pick up two items from your cart used in a recipe.'),(181,'Grocery store','Talk to your child about how two grocery items go together to make a recipe','Show them to your child and label 💁 one item (e.g., \"Jelly\"). Hold up the other item and wait for your child to look, point or label. When they answer, praise 👏 your child, and say, \"Yes, bread! Jelly and Bread help make sandwiches!\"'),(182,'Grocery store','Talk to your child about how two grocery items go together to make a recipe','At home, show your child the items when cooking with them.'),(183,'Grocery store','Fruits & Veggies, Yummy Yummy! ','Label fruits and vegetables along with their colors. Say, 💁 \"I see a red apple. What colors do you see?\"'),(184,'Grocery store','Fruits & Veggies, Yummy Yummy! ','Search for new colors. Say 💁 \"I spy something yellow. Where is it? What fruit is it?\"'),(185,'Grocery store','Fruits & Veggies, Yummy Yummy! ','Notice how some items have multiple colors. Say 💁 \"This apple is red, but there are also green and yellow apples. Which kind of apples should we get today?\"'),(186,'Grocery store','Have fun watching 👀 what your child is interested in','Follow your child\'s lead 👀 today and watch where they want to go, what their eyes look at, what they point at, and what they smile at.'),(187,'Grocery store','Have fun watching 👀 what your child is interested in','For example, if your child is looking at the bananas, say 💁, \"I see you looking at the bananas!'),(188,'Grocery store','Have fun watching 👀 what your child is interested in','Following your child\'s lead 👀 is a great way to find out your child\'s interests.'),(189,'Library','Find the librarians and use new words to describe them!','Help your child find the librarians as you walk the library: \"Librarians wear badges. There\'s a librarian!\"'),(190,'Library','Find the librarians and use new words to describe them!','\"I see a librarian sitting at the checkout desk.\"'),(191,'Library','Find the librarians and use new words to describe them!','\"This librarian is pushing a cart of books.\"'),(192,'Library','Follow your child\'s lead 👀 to help them make book choices','When in the child\'s section, follow your child\'s lead 👀 to see which books they are excited to look at.'),(193,'Library','Follow your child\'s lead 👀 to help them make book choices','Pick up two of the books you notice your child interested in. Put out each book in front of your child.'),(194,'Library','Follow your child\'s lead 👀 to help them make book choices','Ask , \"Which one 👈 👉 would you like to take home?\" If your child doesn\'t make a choice, say, \"Let\'s pick ...\"'),(195,'Library','Count the pages of the books to help familiarize your child to numbers','Watch 👀 the books your child looks at to find books they are interested in.'),(196,'Library','Count the pages of the books to help familiarize your child to numbers','Open the book. Say, \"Let\'s look count the pages!\"'),(197,'Library','Count the pages of the books to help familiarize your child to numbers','Count the pages with your child.  Say, \"Wow this book is 10 pages!\"'),(198,'Library','Count the pages of the books to help familiarize your child to numbers','Ask your child, how many pages?  Wait 3 seconds to let your child answer by making noise or saying a word.'),(199,'Library','Count the pages of the books to help familiarize your child to numbers','💁 Say, \"Yay! It\'s 10  pages!\"'),(200,'Library','Use books to talk about heavy and light','Pick up two of your books, one small book and one large book.'),(201,'Library','Use books to talk about heavy and light','Say 💁, \"This book is big and heavy! Let\'s hold it!\" Help your child hold the book to feel \"heavy\". Show the other book. Say 💁\"This book is small and light! Let\'s hold it!\" Help your child hold the book to show to feel \"light\".'),(202,'Library','Use books to talk about heavy and light','Give a choice  👈 👉. Ask, \"Which book do you want to hold?\"'),(203,'Library','Talk about how quiet the library is','Tell your child, let\'s listen to how quiet it is!'),(204,'Library','Talk about how quiet the library is','Show your child what a whispering voice sounds like. Then say to your child, \"Let me hear you whisper!\"'),(205,'Library','Talk about how quiet the library is','Repeat 🔄 back the sound your child makes. If your child does not make a whispering sound, say, \"Oh, this is how we whisper!\" and talk in a whisper voice again.'),(206,'Library','How does a library work','Talk to your child about the process of checking out books'),(207,'Library','How does a library work','Say, \"We can only check out three books at a time. Let\'s count how many books we have.\" Count with your child'),(208,'Library','Search and find for books','What has your child been interested in lately?'),(209,'Library','Search and find for books','Remind your child of recent interests'),(210,'Library','Search and find for books','Talk to the librarian if you would like help'),(211,'Library','Find a Helper Challenge','Tell your child, \"Librarians are helpers. Where should we look for a librarian?\"'),(212,'Library','Find a Helper Challenge','If your child points, go in that direction. If not, give two choices of directions. \"Should we go this way or that way?\"'),(213,'Library','Find a Helper Challenge','Model how to say hi and/or wave to the librarian.'),(214,'Library','High, Low: How big can you go?','Pick a high book that is still within your child\'s reach. Say, \"I wonder if you can reach this book?\" If your child tries to reach talk about how big they are.'),(215,'Library','High, Low: How big can you go?','Pick a book on a low shelf and say: \"I don\'t know if I can reach that low. Can you help me?\"'),(216,'Library','High, Low: How big can you go?','You can help your baby by showing her how to pull on the books.'),(217,'Library','Book return time: Let\'s play delivery man!','Let your child pretend to be the delivery person. If you have a young baby, you can pretend as a team and model.'),(218,'Library','Book return time: Let\'s play delivery man!','As she delivers books to the drop box, ask questions: \"Where did the book go?\" \"What do you think happened to the book?\"'),(219,'Library','Book return time: Let\'s play delivery man!','Give a choice: \"Which book should do you want to put in next, the dog book or the food book?\"'),(220,'Library','Library Interview Fun','Let your child be the library expert! Ask questions and enjoy your child\'s responses.'),(221,'Library','Library Interview Fun','Babies respond with noises and gestures. You can talk back as if they used words.'),(222,'Library','Library Interview Fun','Examples: How many books do you think are in this library? How do you think the books get on the shelves? What do you think that machine is for? (point at a copier or computer)'),(223,'Park','Let\'s go on a scavenger hunt for the color green!','Tell your child, \"We are going to look for the color green today.\"'),(224,'Park','Let\'s go on a scavenger hunt for the color green!','As you walk outside, help your child by pointing to the tree, and saying, \"The tree is green!\"'),(225,'Park','Let\'s go on a scavenger hunt for the color green!','Label 💁something else that is green, and ask❓your child, \"What color is this?\"'),(226,'Park',' 🏆 Tree Challenge','Tell your child, \"We are going to look for trees today.\"'),(227,'Park',' 🏆 Tree Challenge','Help your child find the trees, and say, \"Trees have roots, let\'s touch the roots.\" Tell your child, \"Trees have a trunk, let\'s touch the trunk.\" After touching the trunk, ask your child, how does it feel?'),(228,'Park',' 🏆 Tree Challenge','Point to the leaves and branches, and say \"Trees have branches and leaves.\"'),(229,'Park','🏆 Letter Challenge','Find as many sticks as you can with your child. Say, \"We are going to make letters!\"'),(230,'Park','🏆 Letter Challenge','👀It can be motivating to pick letters in your child\'s name. Make the letter with the sticks. Say, \"Look! This is the letter \"A,\" \"A\" is in your name!\"'),(231,'Park','🏆 Letter Challenge','It\'s good to talk about letters with babies and big kids so they get familiar with the idea!'),(232,'Park','Let your child make choices 👈 👉 about which path to take ','Go on a walk with your child. Let your child make choices with which path to follow'),(233,'Park','Let your child make choices 👈 👉 about which path to take ','Ask your child and point, \"Should we go to the right 👉or to the left 👈\". Label 💁 your child\'s choice.'),(234,'Park','Let your child make choices 👈 👉 about which path to take ','If your child doesn\'t answer by pointing, looking, or talking, say \"How about we go (right or left)?\"'),(235,'Park','🏆 BIG and small challenge','Find various sizes of sticks. Put two sticks next to each other. Label 💁and point, \"Look, this one is BIG and this one is small.\" Use your arms and hands to gesture BIG and small.'),(236,'Park','🏆 BIG and small challenge','Get two more sticks and ask, \"Which one is BIG?\"'),(237,'Park','🏆 BIG and small challenge','Repeat 🔄 back your child\'s answer. If your child doesn\'t respond by pointing, or talking, say \"This stick is BIGGER.\"'),(238,'Park','Let\'s talk 💁about the textures at the park, and how they feel!','Search for trees, grass, bushes, and pinecones.'),(239,'Park','Let\'s talk 💁about the textures at the park, and how they feel!','Give your child a choice  👈 👉 , \"Should we look for trees or grass first?\" If your child doesn\'t answer by pointing, looking, or talking, say \"Let\'s look for trees!\"'),(240,'Park','Let\'s talk 💁about the textures at the park, and how they feel!','Let your child touch the objects you find, and talk about how it feels, \"The tree trunk feels rough.\" \"The grass feels soft!\"'),(241,'Park','Label emotions for your child as they play at the park','When you see your child make a sad or angry face label 💁 these.'),(242,'Park','Label emotions for your child as they play at the park','Tell your child, \"Your face tells me you are sad. You must not like the ...\"'),(243,'Park','Label emotions for your child as they play at the park','When your child is smiling or laughing say, \"Your face tells me you are happy. You must enjoy the swing!\"'),(244,'Park','Label emotions for your child as they play at the park','Labeling emotions helps children learn about their emotions and feelings.'),(245,'Park','Science: Let\'s learn about gravity and how fast things drop!','Look for a big and small acorn. Let your child help you find them. Say 💁, \"You found an acorn!\"'),(246,'Park','Science: Let\'s learn about gravity and how fast things drop!','Go the top of a slide. Ask your child, \"Which acorn will roll faster?\" Repeat back 🔄 what your child points to or says, \"You think the big one will go faster!\"'),(247,'Park','Science: Let\'s learn about gravity and how fast things drop!','Roll the acorns. Talk 💁 about what happened, \"You were right, the big one rolled faster!\"'),(248,'Park','🏆Hug Challenge','Hugs can help your child know how much you care about them.'),(249,'Park','🏆Hug Challenge','Look for something your child does that you are excited about or proud of. Praise 👏 by saying, \"I\'m so proud you for playing with your toy!\"'),(250,'Park','🏆Hug Challenge','Show your child how proud you are by giving them a big hug!'),(251,'Park','Enjoy talking about what you see','There are so many colors, shapes, and noises to talk about when at the park.'),(252,'Park','Enjoy talking about what you see','Take a look around and talk about what you see. \"I see a blue bird flying in the sky.\"'),(253,'Park','Enjoy talking about what you see','The more positive words a child hears the more you help them develop language!'),(254,'Restaurant','Ask \"which\" questions to keep your child involved','Ask \"Which dinner should I get?\" while pointing at the menu.'),(255,'Restaurant','Ask \"which\" questions to keep your child involved','Ask \"Which drink looks yummy?\" if there is a fountain drink dispenser.'),(256,'Restaurant','Ask \"which\" questions to keep your child involved','Ask \"Which table should we sit at?\" when finding a seat.'),(257,'Restaurant','Science: Let\'s learn about water','Get two extra cups and fill one cup full of ice, and fill one cup with 3 ice cubes and water. Tell your child, \"When ice gets warm it melts and becomes water.'),(258,'Restaurant','Science: Let\'s learn about water','Let your child feel the two cups to see which one feels colder. Label 💁 \"I think this one feels cold, brrr!\" Enjoy watching and 💁labeling which cup is melting faster.'),(259,'Waiting Room','💁 Clock and number fun','Find a clock. Say, \"Look at the clock. There are 12 numbers. Let\'s count!\" Count the numbers for your child.'),(260,'Waiting Room','💁 Clock and number fun','Then count with your child. Wait 3 seconds before counting the next number to let your child fill in the blank by making noise or saying a word.'),(261,'Waiting Room','💁 Clock and number fun','💁 Say, \"Yay! It\'s the number ... !\" Counting helps babies and big kids!'),(262,'Waiting Room','💁 Bodies are amazing; let\'s learn about them!','When waiting tell your child, \"Let\'s learn about our bodies!\"'),(263,'Waiting Room','💁 Bodies are amazing; let\'s learn about them!','Ask your child, \"Where are your fingers?\" and wait for your child to respond. Repeat 💁 back the correct body part'),(264,'Waiting Room','💁 Bodies are amazing; let\'s learn about them!','If your child doesn\'t answer by pointing, looking, or talking, say \"Here are your fingers!\" Babies and big kids enjoy learning about their bodies! Try with other body parts!'),(265,'Waiting Room','🏆 Letter Challenge','Find a form or paper to write your child\'s name on. Label 💁 each letter. Say, \"That\'s how you write your name!\"'),(266,'Waiting Room','🏆 Letter Challenge','Say, \"Let\'s spell your name together!\" Say the letters as you point to them. On the last letter, wait ⏳ 3 seconds to see if your child will fill in the blank.'),(267,'Waiting Room','🏆 Letter Challenge','Learning letters is a stepping stone for reading and school!'),(268,'Waiting Room','Looking at books and magazines','Find books or magazines. Give your child a choice  👈 👉: \"Do you want a book or magazine?\"'),(269,'Waiting Room','Looking at books and magazines','Tell your child, \"Let\'s find the color blue!\" Point out the color blue. Ask your child, \"Where is the color blue?\" If your child points to blue repeat back to your child, \"That\'s the color blue!\" If your child doesn\'t respond say, \"Here is blue!\"'),(270,'Waiting Room','🏆 Colors and clothing challenge','While waiting play a little game with your child. Say, \"If you are wearing the color orange today, clap your hands!\" Label for your child, \"Yes, you are wearing orange today!\"'),(271,'Waiting Room','🏆 Colors and clothing challenge','Say, \"If are are wearing blue pants, wave your hand!\"'),(272,'Waiting Room','🏆 Colors and clothing challenge','Go back and forth between colors you are wearing and colors your child is wearing to help them learn the game.'),(273,'Waiting Room','Clock in some clock time','Find a clock and say, \"Look there is a clock! It is a circle. It has two hands that go around and around the clock.\"'),(274,'Waiting Room','Clock in some clock time','Watch the clock as it moves around.'),(275,'Waiting Room','Clock in some clock time','Tell your child, \"Let\'s move our hands around and around like the clock!\"'),(276,'Waiting Room','Clock in some clock time','Show your child a hand gesture. Imitate 🔄 and enjoy what your child does.'),(277,'Waiting Room','🏆 Silly faces challenge: See how many times you can get your child to laugh.','Share ideas for silly faces. \"We can make monster faces!\" \"We can make fish faces.\" If your child laughs, say, \"You thinks that\'s a funny face!\" or \"Funny faces are so silly.\"'),(278,'Waiting Room','🏆 Silly faces challenge: See how many times you can get your child to laugh.','Take turns making funny faces and imitating each other.'),(279,'Waiting Room','Have fun with emotions','Talk to your child about emotions.'),(280,'Waiting Room','Have fun with emotions','Label 💁 your child\'s face, \"I see you smiling, you must be happy!\" Imitate 🔄 your child\'s face.'),(281,'Waiting Room','Have fun with emotions','Show your child an angry face, and say \"Let me see your angry face!\" Enjoy your child\'s face, and imitate what they do.'),(282,'Waiting Room','Waiting Room 101: Waiting & Listening','Waiting is hard for everyone! Help your child by preparing them. Say, \"First, we sit here and listen for our name! Then we go back to a room.\"'),(283,'Waiting Room','Waiting Room 101: Waiting & Listening','When a name is called say, \"Was that our name?\" Repeat 🔄  back your child\'s response.'),(284,'Waiting Room','Waiting Room 101: Waiting & Listening','If your child doesn\'t answer by talking or gestures say, \"No, that wasn\'t our name. Let\'s keep listening!\"'),(285,'Waiting Room','Let\'s look for the color blue today','Tell your child, \"Let\'s find the color blue! Help your child by finding one blue thing, and say, \"The pen is blue!\" Ask your child, \"What color is this?\"'),(286,'Waiting Room','Let\'s look for the color blue today','Repeat back the response, or if there isn\'t one, you can label the color.'),(287,'Waiting Room','Let\'s look for the color blue today','Look around the room and label 💁three more blue items in the room.'),(288,'Waiting Room','Talk about if the room is quiet or loud','Ask your child to listen, and say, \"It is very quiet in here! I\'m going to use my whisper voice!\" Talk to your child in a whisper.'),(289,'Waiting Room','Talk about if the room is quiet or loud','Try using different levels of whispering with silly faces to keep your child excited.'),(290,'Waiting Room','Talk about if the room is quiet or loud','Tell your child, \"Let me hear you whisper!\" Imitate 🔄 the sounds or whispering words your child makes.'),(291,'Waiting Room','Give positive attention👏 to help while waiting!','Waiting is hard for everyone! Giving positive attention 👏 can help your child as they wait. When your child is being patient say, \"You are being so patient while we wait!\"'),(292,'Waiting Room','Give positive attention👏 to help while waiting!','When fitting, you can also say, \"You have a calm body, that helps us wait!\"'),(293,'Waiting Room','Give positive attention👏 to help while waiting!','Look for other times you are proud of your child, and label 💁these moments!'),(294,'Waiting Room','Find an old picture on your phone and tell a story  💁 about it','Show your child the picture and comment or label 💁 about what you are doing in the picture, or make a story for the picture.'),(295,'Waiting Room','Find an old picture on your phone and tell a story  💁 about it','Ask your child or baby, \"Where\'s [your child\'s name]?\" Watch for your child to point, look, or gesture at the picture.'),(296,'Waiting Room','Find an old picture on your phone and tell a story  💁 about it','Repeat 🔄 back your child\'s gesture and expand by saying, \"Yes, this is you! Your name is...\"'),(297,'Waiting Room','Help your child wait by singing their favorite song','Singing songs is a great way to interact and talk with your child.'),(298,'Waiting Room','Help your child wait by singing their favorite song','Help your child learn the words by singing the song with your child. Before singing the next word wait 5 seconds ⏳ to let your child fill in the blank.'),(299,'Waiting Room','Help your child wait by singing their favorite song','Sing the word for your child after 5 seconds for your child to hear. Babies may sing with babbles and gestures!'),(300,'Waiting Room','Let\'s play simon says!','Simon Says with Babies: Help your child'),(301,'Waiting Room','👀 See what your child sees','Play a game where you guess what your child is looking at.'),(302,'Waiting Room','👀 See what your child sees','Watch to see where your child is looking and take a guess: \"I think you\'re looking at...\"'),(303,'Waiting Room','👀 See what your child sees','Give your child the chance to nod \"yes\" or \"no.\"'),(304,'Other\'s Home','Help your child say hi with choices','First, model for your child by saying hello to others.'),(305,'Other\'s Home','Help your child say hi with choices','Watch to see if your child is feeling shy. If so, you can give a choice like, \"Do you want to wave or give a high five?\" to help your child feel more comfortable'),(306,'Other\'s Home','Help your child say hi with choices','If your child doesn\'t respond, model again: \"Hello! How are you?\"'),(307,'Other\'s Home','Social Butterfly Detector','Watch for moments when your child is showing great social behaviors. Examples could be smiling at others, babbling, sharing, or using good manners.'),(308,'Other\'s Home','Social Butterfly Detector','Tell your child what you like about how they are being social: \"You are sharing nicely.\" \"You gave ___ a nice smile!\"'),(309,'Other\'s Home','Social Butterfly Detector','Use the tone of your voice to show your child how proud you are.'),(310,'Other\'s Home','Let your child find the best spot in the house!','Ask your child, \"where should we go to play?\"'),(311,'Other\'s Home','Let your child find the best spot in the house!','Watch to see where your child looks, gestures, or points to.'),(312,'Other\'s Home','Let your child find the best spot in the house!','If your child doesn\'t respond in 5 seconds, help your child make a choice, \"Should we go to the couch or sit on the rug?\"'),(313,'Other\'s Home','Let your child find the best spot in the house!','By observing what your child is interested in you can help them make a choice.');
/*!40000 ALTER TABLE `tips` ENABLE KEYS */;
UNLOCK TABLES;

--
-- Table structure for table `users`
--

DROP TABLE IF EXISTS `users`;
/*!40101 SET @saved_cs_client     = @@character_set_client */;
/*!50503 SET character_set_client = utf8mb4 */;
CREATE TABLE `users` (
  `id` int NOT NULL AUTO_INCREMENT,
  `name` varchar(255) NOT NULL,
  `email` varchar(255) NOT NULL,
  `password` varchar(255) NOT NULL,
  `created_at` timestamp NULL DEFAULT CURRENT_TIMESTAMP,
  `android_token` varchar(255) DEFAULT NULL,
  `ios_token` varchar(255) DEFAULT NULL,
  `number_of_children` int DEFAULT '0',
  `refresh_token` text,
  `reset_token` varchar(64) DEFAULT NULL,
  `reset_token_expires` datetime DEFAULT NULL,
  PRIMARY KEY (`id`),
  UNIQUE KEY `email` (`email`)
) ENGINE=InnoDB AUTO_INCREMENT=99 DEFAULT CHARSET=utf8mb4 COLLATE=utf8mb4_0900_ai_ci;
/*!40101 SET character_set_client = @saved_cs_client */;

--
-- Dumping data for table `users`
--

LOCK TABLES `users` WRITE;
/*!40000 ALTER TABLE `users` DISABLE KEYS */;
INSERT INTO `users` VALUES (1,'Arpan','arpnagar1@gmail.com','$2a$10$juMD3ocl40jwyQucGdHLDuzGO2wAirmSjj1W7Uganrlqux.EnWjqm','2024-05-31 19:18:41','frdUGBYGTK-rcZ0DrNhHUT:APA91bGJw82hthrPrxshk9I1ha87b-so4qBeXvUhzo-226KwAYR0LaSuSiCGAJANZclHLUis0Pgiy8boNjBvF2J5WIUEyOGkxk56_cYs_1MG-SUpLxJ1OX6R20X7f3Q8ep8EwZW7PvTv',NULL,2,NULL,NULL,NULL),(2,'Arpu','arp@test.com','$2a$10$pTOmavYR3ilLqDehp467yuyQZnD0sE66cgN/bzrgpRG9F1YeVYT5u','2024-05-31 19:27:13',NULL,NULL,0,NULL,NULL,NULL),(3,'pap','pap@gm.com','$2a$10$hO36qVeHWjrR4nld6Bh/SOgvd47/H29dCilKuJXcYf75TD9KfBREC','2024-06-26 17:41:57',NULL,NULL,0,NULL,NULL,NULL),(5,'Dwight','dwight@test.com','$2a$10$eucELX0R4tObQjFHg6kvbORDshQrOFH6qDOFr4XOwQZHaAwsiNAES','2024-06-26 22:17:54','e1xmOq0ERyOX_myf5QDu7t:APA91bG1PlUGeuKENLnjyEvThXCadJtzNCK-Fcvs6RMGxZvow22xpfxyEs3xh1E9At1ACJ_A5Kb4Gdg1cXieROLXahaT2PX6ofChr_9RPdliLdw7MkobO3hz5mqTr_vOak2gWZKrXLiQ',NULL,0,NULL,NULL,NULL),(6,'Pan','Pp','$2a$10$WsxMUMTOWUw3jJOAONvfQuxwvcUnCPTP8kS4ORiOpwCvfxSb9fRoK','2024-06-27 14:26:59','c4wB5mwwQAi_5_qhcLpUqM:APA91bEH3nNQz-S2ohH0SZtXg-FalHtzgP8Ajb-SmngfAyif_Le3tw9CtnSETmiI_GlWHHF9INo4MBrbCrVpQBDKo_QxMmIR4PjhK8BkGMks6VqE29h0dP1NrBuHlzrJ-NFEH0o5rTrk',NULL,0,NULL,NULL,NULL),(7,'Arpan','myemail@xyz.edu','$2a$10$4F5puRxWiaW7/k0pg.43KeaFvhLWadEScBSrNdjbqCSqaP8bxiIJ2','2024-07-10 15:23:24','ewUmQRgNRQmMAidBhKeLPE:APA91bGTpuaMEqoJSLzqTuPqYTS7BeKKzpkEEyrkRb1UfDL0VD45rrqDWA60sWTbbCQZAgXTBX1inP5B8FWRteBydgE2BE7kj7XQWLZseXGUxtq_T2dn8zm0kN0FAcjYF8qhg3b1YDFt',NULL,0,NULL,NULL,NULL),(8,'Lol','lol','$2a$10$44StvF.Z0jYQxW/.HKVf3OmECciUA41X6cJ6rGIjQhqFeZcB8CA/m','2024-07-10 15:52:11','dAqhX-CUQ96PF6TMhS9IHG:APA91bHjlPIw3wbHuWb6tmYpyicLFkzZS2t3ISXoS6V4n4NjcFwUkqJiVNm1Xwre9rmNU1oQNFzZLuBQs7csA0RSPbahe2IaydjRz2TVDgMfHEA5ZElfFshkWs4uTcdISdKJLrcJZKoH',NULL,0,NULL,NULL,NULL),(9,'New','new','$2a$10$krb30VbS/KUPxjiKF9AAPOpFTPit6POzABbc9dKV9uuY.ZzoeAcvy','2024-07-10 16:01:40','cSN2dekuQXqpcRfgU9GYGr:APA91bF_E8vcLZ4IYgenR6eYk8v2C_BsbizyZiWcaa82W9JPCpmrhnm4uob2B06hhPK34OtJN5_6SgjIlNmgpn_YFmhCmokxdH2K9DvCm97LFG6I-uliCyPWI4zv70tmE5LSHq3yOyTx',NULL,0,NULL,NULL,NULL),(10,'Arpan','arpan@uf.edu','$2a$10$5kRPqw6ZibnWSk6n4WHQzeBHUFAI/zWFUYSTNPnRBKe.UQBuonoQ6','2024-07-10 16:35:48','eN_vc94QSc-x0D0ted1xjA:APA91bErdHx1liQenPMmahJ7Nmx4hsgGkIBFMrxFLJK8by4UFcQw1ZRhgG8enqEWPrrpboiSvE_FdNVJU3GtrOBUV5CTiCj4qVbtC_uLOOm7PWn40AP0IjOAd-ADhooNEKmr6essjlkz',NULL,0,NULL,NULL,NULL),(11,'Arpan','a@ufl.edu','$2a$10$WiRVSeya2BKpIFKB2aEC9uLIwOpLqchCoxE0z66.zGFeIc1CX66Yq','2024-07-10 16:47:01',NULL,NULL,0,NULL,NULL,NULL),(12,'lol','lmao','$2a$10$sYLFHTw3pIgYYUOkVyi5F.3SHSPeiHiIGT1BVrj9/AqtEB4kWqiOC','2024-07-10 17:07:51',NULL,NULL,0,NULL,NULL,NULL),(13,'Llll','Ppp','$2a$10$IUp1IAus.Ajl3iyoAgfuuO.zxO0YF1eMlBbmS7OiFslRjKrLsl9ZK','2024-07-10 17:11:09',NULL,NULL,0,NULL,NULL,NULL),(14,'Pelfrey.19@osu.edu','Pelf9078','$2a$10$ltvI.KaqYZxcnTv6afgGo.iqGyCAG6qunvF7Mzv5pf8r9gYLHsHPu','2024-07-31 00:34:57',NULL,NULL,0,NULL,NULL,NULL),(41,'Herman','htknopf@gmail.com','$2a$10$05PriLMEh.7vbeUN1cQT0OKIN2VUPsMvK9ZXLVLbk1yuOad3Z8fC6','2024-10-24 22:32:41',NULL,NULL,0,NULL,NULL,NULL),(56,'Francis','hknopf@ufl.edu','$2a$10$A43FoAxwo9aQ4Q3qfltol.RbgdShywqDUUSI9ZoJojag3vAk3MmUq','2024-11-07 17:37:37',NULL,'dOQp_GA6L0Wqhwslu6pliM:APA91bHGJOvF8_x1FRMY2snO9dFWMxQuFj6TSKlmUs8oe8GQdh8rssPTAe-ALnJqD8kodOHUvmzDfqu9jRcQkihkTkKHQhbGHlfKqqzNzHEt8GriZaZL7G4',2,'eyJhbGciOiJIUzI1NiIsInR5cCI6IkpXVCJ9.eyJpZCI6NTYsImlhdCI6MTczODg2NDcyMiwiZXhwIjoxNzQxNDU2NzIyfQ.AQBRa0h4I6ptIFmPSwxuLUBJkAMwfASwXkoppzNt6p8',NULL,NULL),(65,'Rachel Eubanks','racheleubanks84@gmail.com','$2a$10$egJ2V3ahR2dAAx6MJCI2Au/7WRN/CpZa9dYH/1Ev29kwmtw3o8XWe','2024-11-19 02:31:27',NULL,NULL,0,NULL,NULL,NULL),(66,'Dévonja','drheavenbound777@gmail.com','$2a$10$ZR8KZhnSmdnplPWI0Mw1POgwEr0/IsGVH06DVSow25XYRTRPzNlq.','2024-11-19 13:48:17',NULL,NULL,0,NULL,NULL,NULL),(67,'Maureen','mconeoy@coe.ufl.edu','$2a$10$XDXWmOmycoNkkngAHcO9Wem887Func0BDqQOENGv6XYjbQB8Xplwm','2024-11-19 14:22:22',NULL,NULL,0,NULL,NULL,NULL),(68,'Mud','mud@gmail.com','$2a$10$b3R8x1.UZgVjbffdHsCkQOs0qF3BSQJgc2iCfqu5wLzx0DYGDGfKm','2024-11-20 20:59:23',NULL,NULL,0,NULL,NULL,NULL),(69,'Maureen','mconroy@coe.ufl.edu','$2a$10$6Tfa.4H0HaiXuu0YePZlrecC9iFNDaBH1zwc4QVYWovfC8QkuNVAu','2024-11-20 20:59:58',NULL,NULL,0,NULL,NULL,NULL),(85,'Dinesh','dinesh@gmail.com','$2a$12$SxLU7s1zOfgW4Rxm/3DFAeSmU.DMg3oW5pC4xpr0Ws5nsPBNWz5Xq','2024-12-02 22:48:32',NULL,NULL,2,NULL,NULL,NULL),(86,'Di','di@gmail.com','$2a$12$U2mWp/ZuCs29UHaokl1x.OQN24KRg1.BoF3n5.zrw5U.kQa2gpdqq','2024-12-02 22:55:59',NULL,'ciMUEWkcv0klujtKkU6O8q:APA91bFtpK2QH_TS9F6zAFAI9ip5pbyCWp-w_KXiSvB2DGasQvlzqqVFFmoASTu65TXcWlfFW0k_QXSMJ-dr1LkLwxRPuzZZZMpXzKi_ms1Gya7Cgo9txYQ',3,NULL,NULL,NULL),(87,'Ay','ay@gmail.com','$2a$12$XfBrJ4Hh0WaQXSWSHNO6h.VHeaIiHCUDCgMBp0TBSeZID2XJSgnve','2024-12-03 23:32:40',NULL,NULL,2,NULL,NULL,NULL),(88,'Amrish','amrish@gmail.com','$2a$12$ryvs5Kw7gZYvZayGUDJ6EOjUfJp2nuWZicElbSWErSAUcSxnVx0UG','2024-12-23 13:48:27','cmWWtkVQTsyZBpARsY2T3-:APA91bFYtxBuT9O9w0edQBqhMEZLQswp3ScSeKTBuTZCJvwip0HtDYgEQ82XVxIm2H7vZP9NazMGxX2xL-G8ooRy_tUHpy-yVha5sW08lMRkR_rz_1fOg2w',NULL,2,NULL,'$2a$12$2jNfaolwI63T/0AUhItUJOiYVNXv.E7BNDsDoW6h93ksHMugk00qK','2025-01-28 20:36:34'),(89,'Abdur','abdur@gmail.com','$2a$12$iFuravxsIC2Wo9AHV5Ue/ua2PWJydugLWY5otMI6u6LjeqyENnh.2','2025-01-06 14:43:33',NULL,'dYT00v8ejESXq236_kGHa5:APA91bG1vtecR-7D3hVHJOMUuo1A5f-Z6qGyKCmQEK3f0bCdFg2xgo_hjmEwN6UO43XC0f9Wzh6ypiH0VsCLewyQejFNgSGizpo6VNznTH4vMZHYydz-G34',2,NULL,NULL,NULL),(90,'arpan','a@x.com','$2a$12$I5O04kVPrD6wTRAvHaCm/eETGrTqfN/0k5cUCqhkV8GClHMIxZafq','2025-01-17 14:04:39',NULL,'frdUGBYGTK-rcZ0DrNhHUT:APA91bGJw82hthrPrxshk9I1ha87b-so4qBeXvUhzo-226KwAYR0LaSuSiCGAJANZclHLUis0Pgiy8boNjBvF2J5WIUEyOGkxk56_cYs_1MG-SUpLxJ1OX6R20X7f3Q8ep8EwZW7PvTv',2,NULL,NULL,NULL),(91,'Arpu','arpu@gmail.com','$2a$12$.GStUq5TtwHlMxMeU7wbaONS6yMKyCyKtAI2v5izcHtpKpzWbpQOu','2025-01-20 20:37:41',NULL,NULL,2,NULL,NULL,NULL),(92,'John Doe','johndoe@example.com','$2a$12$tmaUwZ2SayS8FVi8Kx/dBeZcfSosE5mXFEFF1CrsuyNCc17UFoP52','2025-01-22 20:16:08',NULL,NULL,2,NULL,NULL,NULL),(93,'Malay','Malay@gmail.com','$2a$12$xxMZdP6V4WzzZI7iLXZ37.fY/S8F1q50colP9QEMLEWOhN0V8W0cO','2025-01-23 15:56:41','cmWWtkVQTsyZBpARsY2T3-:APA91bFYtxBuT9O9w0edQBqhMEZLQswp3ScSeKTBuTZCJvwip0HtDYgEQ82XVxIm2H7vZP9NazMGxX2xL-G8ooRy_tUHpy-yVha5sW08lMRkR_rz_1fOg2w',NULL,2,NULL,NULL,NULL),(94,'Ayush','ayush@gmail.com','$2a$12$.RkdEPGW1moiaoazF8jL/uQgfPmGl9/XFPIx6MywRzGc7AoXH0lNy','2025-01-26 18:46:36',NULL,'fmoP5DMLqkQ2nvgkaniMag:APA91bEWOgIaImjVAJtrvlaE3Ow7jcqwHpbP8kPb0SEZUvAxWHDHu1RU_Szs6OGYwypnr406JE_FoaI5dCbKjbxZtP1GjOi_3pXlT4IBzpdde-c0mCC2w6M',2,NULL,NULL,NULL),(95,'ishmeet','ishmeet@gmail.com','$2a$12$s0l/IVxRV//A8nczFZO.kOOEUTNG90NNaDex6hhU/DYZVoEg73z8C','2025-01-26 19:55:30','cmWWtkVQTsyZBpARsY2T3-:APA91bFYtxBuT9O9w0edQBqhMEZLQswp3ScSeKTBuTZCJvwip0HtDYgEQ82XVxIm2H7vZP9NazMGxX2xL-G8ooRy_tUHpy-yVha5sW08lMRkR_rz_1fOg2w',NULL,2,NULL,NULL,NULL),(96,'Ayush','ayushmitali123@gmail.com','$2a$12$E6HupVwFeaZH2cHLJ8YmcOutzESVw485Vunv8MN4KSXacYWXZXAYS','2025-01-28 19:37:19',NULL,NULL,1,'eyJhbGciOiJIUzI1NiIsInR5cCI6IkpXVCJ9.eyJpZCI6OTYsImlhdCI6MTczODE3NTgyMiwiZXhwIjoxNzQwNzY3ODIyfQ.S5aS5MjkKQV01V4aB3lpu8nnVDUwmgdUmZhmbC9WzGs','$2a$12$feskyJNnMVzvLUlmKNapTOFYzf7USHOHexiyDSxLsVHgv9QXgEks2','2025-02-05 00:02:05'),(97,'vedant','vedant@gmail.com','$2a$12$lvkhp1dAONFVog.2N6PzeuSBvWImrNdTe6DTuXryrDDr1S8UcRGY6','2025-02-04 22:45:57','cmWWtkVQTsyZBpARsY2T3-:APA91bFYtxBuT9O9w0edQBqhMEZLQswp3ScSeKTBuTZCJvwip0HtDYgEQ82XVxIm2H7vZP9NazMGxX2xL-G8ooRy_tUHpy-yVha5sW08lMRkR_rz_1fOg2w',NULL,1,NULL,NULL,NULL),(98,'Arpan','arpan100@g.com','$2a$12$dpGZLbO09PpnlPFB/l.LRO7OVqfVJNyyYPLw9Wwwyagmap2Qp4amW','2025-02-06 20:14:10','frdUGBYGTK-rcZ0DrNhHUT:APA91bGJw82hthrPrxshk9I1ha87b-so4qBeXvUhzo-226KwAYR0LaSuSiCGAJANZclHLUis0Pgiy8boNjBvF2J5WIUEyOGkxk56_cYs_1MG-SUpLxJ1OX6R20X7f3Q8ep8EwZW7PvTv',NULL,2,'eyJhbGciOiJIUzI1NiIsInR5cCI6IkpXVCJ9.eyJpZCI6OTgsImlhdCI6MTczODg3Mjg2NCwiZXhwIjoxNzQxNDY0ODY0fQ.nrX3QUJwx5T0uvqCeGFBYqBEWZVChkVs_6fx3QGtnhs',NULL,NULL);
/*!40000 ALTER TABLE `users` ENABLE KEYS */;
UNLOCK TABLES;
/*!40103 SET TIME_ZONE=@OLD_TIME_ZONE */;

/*!40101 SET SQL_MODE=@OLD_SQL_MODE */;
/*!40014 SET FOREIGN_KEY_CHECKS=@OLD_FOREIGN_KEY_CHECKS */;
/*!40014 SET UNIQUE_CHECKS=@OLD_UNIQUE_CHECKS */;
/*!40101 SET CHARACTER_SET_CLIENT=@OLD_CHARACTER_SET_CLIENT */;
/*!40101 SET CHARACTER_SET_RESULTS=@OLD_CHARACTER_SET_RESULTS */;
/*!40101 SET COLLATION_CONNECTION=@OLD_COLLATION_CONNECTION */;
/*!40111 SET SQL_NOTES=@OLD_SQL_NOTES */;

-- Dump completed on 2025-02-06 21:50:00
